{"IcoMoonType":"selection","icons":[{"icon":{"paths":["M192 96l-96 96 320 320-320 320 96 96 320-320 320 320 96-96-320-320 320-320-96-96-320 320-320-320z"],"attrs":[{}],"isMulticolor":false,"isMulticolor2":false,"grid":0,"tags":["cross"]},"attrs":[{}],"properties":{"order":11,"id":9,"name":"cross","prevSize":16,"code":59657},"setIdx":0,"setId":0,"iconIdx":0},{"icon":{"paths":["M512 0c-212.077 0-384 171.923-384 384 0 320 384 640 384 640s384-320 384-640c0-212.077-171.923-384-384-384zM512 256c70.692 0 128 57.308 128 128s-57.308 128-128 128c-70.692 0-128-57.308-128-128s57.308-128 128-128z"],"attrs":[{}],"isMulticolor":false,"isMulticolor2":false,"grid":0,"tags":["marker"]},"attrs":[{}],"properties":{"order":12,"id":8,"name":"marker","prevSize":16,"code":59648},"setIdx":0,"setId":0,"iconIdx":1},{"icon":{"paths":["M128 128c0 424.155 343.845 768 768 768v-256c-76.245-0.201-148.508-17.036-213.42-47.065l3.169 1.315-93.75 93.75c-108.36-59.012-196.988-147.64-256-256l93.75-93.75c-28.714-61.742-45.549-134.005-45.75-210.179l-0-0.071h-256z"],"attrs":[{}],"isMulticolor":false,"isMulticolor2":false,"grid":0,"tags":["phone"]},"attrs":[{}],"properties":{"order":13,"id":7,"name":"phone","prevSize":16,"code":59649},"setIdx":0,"setId":0,"iconIdx":2},{"icon":{"paths":["M272 0c-44.32 0-80 35.68-80 80v864c0 44.32 35.68 80 80 80h480c44.32 0 80-35.68 80-80v-864c0-44.32-35.68-80-80-80zM512 768c35.346 0 64 28.654 64 64s-28.654 64-64 64c-35.346 0-64-28.654-64-64s28.654-64 64-64z"],"attrs":[{}],"isMulticolor":false,"isMulticolor2":false,"grid":0,"tags":["mobile"]},"attrs":[{}],"properties":{"order":14,"id":6,"name":"mobile","prevSize":16,"code":59650},"setIdx":0,"setId":0,"iconIdx":3},{"icon":{"paths":["M0 128v768h1024v-768zM128 320l384 192 384-192v128l-384 192-384-192z"],"attrs":[{}],"isMulticolor":false,"isMulticolor2":false,"grid":0,"tags":["mail"]},"attrs":[{}],"properties":{"order":15,"id":5,"name":"mail","prevSize":16,"code":59651},"setIdx":0,"setId":0,"iconIdx":4},{"icon":{"paths":["M256 448h512l-256-256z","M256 576h512l-256 256z"],"attrs":[{},{}],"isMulticolor":false,"isMulticolor2":false,"grid":0,"tags":["caret-vertical"]},"attrs":[{},{}],"properties":{"order":16,"id":4,"name":"caret-vertical","prevSize":16,"code":59652},"setIdx":0,"setId":0,"iconIdx":5},{"icon":{"paths":["M576 256v512l256-256z","M448 256v512l-256-256z"],"attrs":[{},{}],"isMulticolor":false,"isMulticolor2":false,"grid":0,"tags":["caret-horizontal"]},"attrs":[{},{}],"properties":{"order":17,"id":3,"name":"caret-horizontal","prevSize":16,"code":59653},"setIdx":0,"setId":0,"iconIdx":6},{"icon":{"paths":["M256 384h512l-256 256z"],"attrs":[{}],"isMulticolor":false,"isMulticolor2":false,"grid":0,"tags":["caret-bottom"]},"attrs":[{}],"properties":{"order":18,"id":2,"name":"caret-bottom","prevSize":16,"code":59654},"setIdx":0,"setId":0,"iconIdx":7},{"icon":{"paths":["M256 640h512l-256-256z"],"attrs":[{}],"isMulticolor":false,"isMulticolor2":false,"grid":0,"tags":["caret-top"]},"attrs":[{}],"properties":{"order":19,"id":1,"name":"caret-top","prevSize":16,"code":59655},"setIdx":0,"setId":0,"iconIdx":8},{"icon":{"paths":["M384 0c-212.077 0-384 171.923-384 384s171.923 384 384 384c73.221 0 141.775-20.436 200-56l248 248 128-128-248-248c35.564-58.225 56-126.779 56-200 0-212.077-171.923-384-384-384zM384 128c141.385 0 256 114.615 256 256s-114.615 256-256 256c-141.385 0-256-114.615-256-256s114.615-256 256-256z"],"attrs":[{}],"isMulticolor":false,"isMulticolor2":false,"grid":0,"tags":["search"]},"attrs":[{}],"properties":{"order":20,"id":0,"name":"search","prevSize":16,"code":59656},"setIdx":0,"setId":0,"iconIdx":9}],"height":1024,"metadata":{"name":"qs-icons"},"preferences":{"showGlyphs":true,"showCodes":true,"showQuickUse":true,"showQuickUse2":true,"showSVGs":true,"fontPref":{"prefix":"icon-","metadata":{"fontFamily":"qs-icons","majorVersion":1,"minorVersion":0},"metrics":{"emSize":1024,"baseline":6.25,"whitespace":50},"embed":false},"imagePref":{"prefix":"icon-","png":true,"useClassSelector":true,"color":0,"bgColor":16777215},"historySize":50}}